{
  "rsna_test": {
    "n_studies": 112921,
    "threshold_05": {
      "macro_auc": 0.9834541577619644,
      "macro_ci": [
        0.9821088357734701,
        0.984691431637512
      ],
      "macro_sens": 0.819207326220876,
      "macro_spec": 0.9862415932312262,
      "per_class": {
        "any_ich": {
          "label": "any_ich",
          "auc": 0.9820372504423855,
          "ci_lower": 0.9810800449505424,
          "ci_upper": 0.9829402895447834,
          "sens": 0.8434469037552847,
          "spec": 0.980575606431426,
          "f1": 0.8604865053439472,
          "threshold": 0.5,
          "n_pos": 16084,
          "n_total": 112921
        },
        "epidural": {
          "label": "epidural",
          "auc": 0.9847003562064963,
          "ci_lower": 0.9777173108980727,
          "ci_upper": 0.990828257194882,
          "sens": 0.7821350762527233,
          "spec": 0.9979459728619445,
          "f1": 0.684461391801716,
          "threshold": 0.5,
          "n_pos": 459,
          "n_total": 112921
        },
        "intraparenchymal": {
          "label": "intraparenchymal",
          "auc": 0.9868487449921829,
          "ci_lower": 0.9854858655788656,
          "ci_upper": 0.9881514714598923,
          "sens": 0.8511081644250805,
          "spec": 0.9869846342505714,
          "f1": 0.8042602702944599,
          "threshold": 0.5,
          "n_pos": 5279,
          "n_total": 112921
        },
        "intraventricular": {
          "label": "intraventricular",
          "auc": 0.9920546982362137,
          "ci_lower": 0.9909773775359513,
          "ci_upper": 0.9930895342632775,
          "sens": 0.8769230769230769,
          "spec": 0.990827455260913,
          "f1": 0.8221153846153846,
          "threshold": 0.5,
          "n_pos": 3900,
          "n_total": 112921
        },
        "subarachnoid": {
          "label": "subarachnoid",
          "auc": 0.9757902012406459,
          "ci_lower": 0.973997400846191,
          "ci_upper": 0.9774769100611899,
          "sens": 0.7534524028723992,
          "spec": 0.9807516978323565,
          "f1": 0.7060041407867494,
          "threshold": 0.5,
          "n_pos": 5431,
          "n_total": 112921
        },
        "subdural": {
          "label": "subdural",
          "auc": 0.9792936954538616,
          "ci_lower": 0.9777787065795017,
          "ci_upper": 0.9806674781686208,
          "sens": 0.8081783330966917,
          "spec": 0.9803641927501464,
          "f1": 0.7684622654245984,
          "threshold": 0.5,
          "n_pos": 7043,
          "n_total": 112921
        }
      }
    },
    "rsna_val_threshold": {
      "macro_auc": 0.9834541577619644,
      "macro_ci": [
        0.9821088357734701,
        0.984691431637512
      ],
      "macro_sens": 0.935628791214862,
      "macro_spec": 0.9403562928004275,
      "per_class": {
        "any_ich": {
          "label": "any_ich",
          "auc": 0.9820372504423855,
          "ci_lower": 0.9810800449505424,
          "ci_upper": 0.9829402895447834,
          "sens": 0.9304277542899776,
          "spec": 0.9353139812261843,
          "f1": 0.802133304746335,
          "threshold": 0.0702,
          "n_pos": 16084,
          "n_total": 112921
        },
        "epidural": {
          "label": "epidural",
          "auc": 0.9847003562064963,
          "ci_lower": 0.9777173108980727,
          "ci_upper": 0.990828257194882,
          "sens": 0.9281045751633987,
          "spec": 0.9559851327559531,
          "f1": 0.14601542416452443,
          "threshold": 0.0003,
          "n_pos": 459,
          "n_total": 112921
        },
        "intraparenchymal": {
          "label": "intraparenchymal",
          "auc": 0.9868487449921829,
          "ci_lower": 0.9854858655788656,
          "ci_upper": 0.9881514714598923,
          "sens": 0.9407084675127865,
          "spec": 0.947743445866855,
          "f1": 0.6258349086326402,
          "threshold": 0.0681,
          "n_pos": 5279,
          "n_total": 112921
        },
        "intraventricular": {
          "label": "intraventricular",
          "auc": 0.9920546982362137,
          "ci_lower": 0.9909773775359513,
          "ci_upper": 0.9930895342632775,
          "sens": 0.9561538461538461,
          "spec": 0.9614661395510956,
          "f1": 0.6304311073541843,
          "threshold": 0.0178,
          "n_pos": 3900,
          "n_total": 112921
        },
        "subarachnoid": {
          "label": "subarachnoid",
          "auc": 0.9757902012406459,
          "ci_lower": 0.973997400846191,
          "ci_upper": 0.9774769100611899,
          "sens": 0.9215614067390904,
          "spec": 0.9181133128663131,
          "f1": 0.5203243580413764,
          "threshold": 0.0425,
          "n_pos": 5431,
          "n_total": 112921
        },
        "subdural": {
          "label": "subdural",
          "auc": 0.9792936954538616,
          "ci_lower": 0.9777787065795017,
          "ci_upper": 0.9806674781686208,
          "sens": 0.9368166974300725,
          "spec": 0.9235157445361643,
          "f1": 0.6070196421178528,
          "threshold": 0.0534,
          "n_pos": 7043,
          "n_total": 112921
        }
      }
    }
  },
  "cq500": {
    "n_studies": 473,
    "rsna_val_threshold": {
      "macro_auc": 0.7276024059960254,
      "macro_ci": [
        0.6729212613273584,
        0.7814624205035418
      ],
      "macro_sens": 0.3467797207299205,
      "macro_spec": 0.9371593902396854,
      "per_class": {
        "any_ich": {
          "label": "any_ich",
          "auc": 0.7298425660266314,
          "ci_lower": 0.6774651233079984,
          "ci_upper": 0.7801627324082115,
          "sens": 0.4720812182741117,
          "spec": 0.9347826086956522,
          "f1": 0.6038961038961039,
          "threshold": 0.0702,
          "n_pos": 197,
          "n_total": 473
        },
        "epidural": {
          "label": "epidural",
          "auc": 0.6772415039768619,
          "ci_lower": 0.4956290496760259,
          "ci_upper": 0.8582124306088571,
          "sens": 0.08333333333333333,
          "spec": 0.9609544468546638,
          "f1": 0.06451612903225806,
          "threshold": 0.0003,
          "n_pos": 12,
          "n_total": 473
        },
        "intraparenchymal": {
          "label": "intraparenchymal",
          "auc": 0.7098431584640347,
          "ci_lower": 0.6507798069045136,
          "ci_upper": 0.7646022892672747,
          "sens": 0.15503875968992248,
          "spec": 0.9883720930232558,
          "f1": 0.26143790849673204,
          "threshold": 0.0681,
          "n_pos": 129,
          "n_total": 473
        },
        "intraventricular": {
          "label": "intraventricular",
          "auc": 0.8078643951127172,
          "ci_lower": 0.6905073094383684,
          "ci_upper": 0.9043781405275046,
          "sens": 0.7307692307692307,
          "spec": 0.8076062639821029,
          "f1": 0.2900763358778626,
          "threshold": 0.0178,
          "n_pos": 26,
          "n_total": 473
        },
        "subarachnoid": {
          "label": "subarachnoid",
          "auc": 0.7646339406207827,
          "ci_lower": 0.6852089344141254,
          "ci_upper": 0.8327431309792446,
          "sens": 0.3333333333333333,
          "spec": 0.9807692307692307,
          "f1": 0.4523809523809524,
          "threshold": 0.0425,
          "n_pos": 57,
          "n_total": 473
        },
        "subdural": {
          "label": "subdural",
          "auc": 0.6761888717751251,
          "ci_lower": 0.5702687457908694,
          "ci_upper": 0.7681009865005192,
          "sens": 0.30612244897959184,
          "spec": 0.9504716981132075,
          "f1": 0.35294117647058826,
          "threshold": 0.0534,
          "n_pos": 49,
          "n_total": 473
        }
      }
    }
  }
}